sym,time,price,size
HMG,2023-07-19D00:00:31.837000000,1.280578,100
LDM,2023-07-19D00:00:41.526000000,0.6765936,20
NFH,2023-07-19D00:03:58.690000000,1.012708,1000
OIL,2023-07-19D00:04:45.088000000,0.7146767,100
EHJ,2023-07-19D00:06:01.267000000,0.860651,20
HMG,2023-07-19D00:08:11.707000000,0.8939184,500
NAG,2023-07-19D00:08:12.794000000,0.7189814,100
NFH,2023-07-19D00:08:25.338000000,1.87044,300
INL,2023-07-19D00:10:39.852000000,0.04991437,50
NFH,2023-07-19D00:11:15.277000000,1.669227,1000
NFH,2023-07-19D00:11:18.981000000,1.421238,20
EHJ,2023-07-19D00:11:23.886000000,0.5461823,20
NFH,2023-07-19D00:11:51.162000000,0.2749286,1000
HMG,2023-07-19D00:11:54.129000000,1.172877,100
AHH,2023-07-19D00:14:05.829000000,1.304497,1000
MDD,2023-07-19D00:14:18.682000000,1.756354,50
MDD,2023-07-19D00:14:30.909000000,1.152368,300
NFH,2023-07-19D00:14:39.131000000,1.986855,20
NAG,2023-07-19D00:14:49.086000000,0.3939759,500
LDM,2023-07-19D00:14:59.912000000,1.110708,20
NAG,2023-07-19D00:16:00.503000000,1.219395,10
NFH,2023-07-19D00:16:11.740000000,0.2875848,300
AHH,2023-07-19D00:16:15.119000000,1.757437,1000
HMG,2023-07-19D00:17:03.337000000,0.06586035,50
HMG,2023-07-19D00:17:28.199000000,1.656358,50
MDD,2023-07-19D00:17:28.709000000,1.328011,10
HMG,2023-07-19D00:18:52.051000000,1.87465,100
MDD,2023-07-19D00:19:33.195000000,0.085683,20
INL,2023-07-19D00:21:01.426000000,1.927119,20
NFH,2023-07-19D00:21:11.756000000,0.7681534,300
NFH,2023-07-19D00:22:51.239000000,1.990469,50
NAG,2023-07-19D00:22:58.497000000,1.305353,20
LDM,2023-07-19D00:24:08.976000000,1.807306,500
LDM,2023-07-19D00:24:24.080000000,0.1259132,100
NFH,2023-07-19D00:25:22.187000000,0.8624379,100
NAG,2023-07-19D00:26:31.193000000,1.125832,20
AHH,2023-07-19D00:26:49.741000000,1.073002,500
AHH,2023-07-19D00:27:37.964000000,0.2998694,100
MDD,2023-07-19D00:28:52.689000000,0.34119,500
NFH,2023-07-19D00:30:25.410000000,1.493768,1000
INL,2023-07-19D00:30:55.760000000,0.4105761,50
AHH,2023-07-19D00:33:29.116000000,0.5756836,50
INL,2023-07-19D00:33:39.267000000,0.6784044,1000
NFH,2023-07-19D00:34:42.704000000,1.179142,100
LDM,2023-07-19D00:34:44.635000000,1.942176,10
OIL,2023-07-19D00:35:33.595000000,0.7179042,50
EHJ,2023-07-19D00:35:39.653000000,0.9746152,10
MDD,2023-07-19D00:36:55.970000000,0.7389678,300
INL,2023-07-19D00:37:10.094000000,0.8898142,1000
LDM,2023-07-19D00:37:28.239000000,1.470953,300
AHH,2023-07-19D00:38:18.265000000,1.951397,300
NAG,2023-07-19D00:39:53.600000000,1.600227,10
EHJ,2023-07-19D00:39:56.032000000,1.623849,50
INL,2023-07-19D00:40:21.752000000,0.6559336,100
NFH,2023-07-19D00:40:25.156000000,1.412026,1000
NAG,2023-07-19D00:40:39.683000000,1.256887,20
NFH,2023-07-19D00:41:18.812000000,1.892492,1000
NFH,2023-07-19D00:42:03.904000000,0.04507736,50
HMG,2023-07-19D00:42:30.953000000,1.425387,50
INL,2023-07-19D00:42:38.090000000,1.065798,20
INL,2023-07-19D00:43:33.339000000,0.212618,10
HMG,2023-07-19D00:43:45.278000000,0.8009094,100
AHH,2023-07-19D00:44:56.240000000,0.7148039,500
INL,2023-07-19D00:45:45.129000000,1.253981,10
LDM,2023-07-19D00:46:04.952000000,0.3197751,20
HMG,2023-07-19D00:47:17.066000000,0.03251402,1000
INL,2023-07-19D00:47:46.460000000,1.718042,500
MDD,2023-07-19D00:48:39.767000000,1.410156,1000
INL,2023-07-19D00:49:02.474000000,1.035549,20
MDD,2023-07-19D00:49:55.099000000,1.02536,100
MDD,2023-07-19D00:50:16.154000000,1.993757,10
NFH,2023-07-19D00:50:40.458000000,1.296484,500
OIL,2023-07-19D00:50:52.424000000,0.6298995,300
OIL,2023-07-19D00:50:57.526000000,0.8690571,500
HMG,2023-07-19D00:51:21.305000000,0.2304859,20
OIL,2023-07-19D00:51:23.270000000,0.6894646,300
MDD,2023-07-19D00:51:55.921000000,0.5225941,300
NAG,2023-07-19D00:52:30.874000000,1.760158,500
AHH,2023-07-19D00:52:33.028000000,0.6086256,10
EHJ,2023-07-19D00:53:02.309000000,0.7721787,1000
LDM,2023-07-19D00:53:29.915000000,0.1697008,20
NFH,2023-07-19D00:53:37.720000000,1.251762,100
MDD,2023-07-19D00:54:22.253000000,1.65338,10
NFH,2023-07-19D00:55:34.508000000,1.432929,10
NFH,2023-07-19D00:55:38.415000000,0.6395135,20
LDM,2023-07-19D00:55:52.224000000,0.3303836,1000
OIL,2023-07-19D00:56:50.921000000,0.3010106,300
EHJ,2023-07-19D00:56:52.667000000,1.665857,20
OIL,2023-07-19D00:57:17.594000000,0.332195,100
NFH,2023-07-19D00:57:27.188000000,1.444024,50
OIL,2023-07-19D00:59:28.063000000,1.43243,100
LDM,2023-07-19D01:00:51.410000000,1.341937,300
EHJ,2023-07-19D01:01:42.220000000,0.2095312,500
INL,2023-07-19D01:02:14.929000000,1.879851,10
NAG,2023-07-19D01:02:54.416000000,1.249471,100
NAG,2023-07-19D01:03:10.277000000,0.002725273,10
LDM,2023-07-19D01:03:34.815000000,1.115038,100
NAG,2023-07-19D01:04:03.894000000,1.20371,20
AHH,2023-07-19D01:04:10.819000000,0.3929933,20
OIL,2023-07-19D01:05:57.571000000,0.566405,100
INL,2023-07-19D01:07:41.626000000,0.5661378,20
AHH,2023-07-19D01:07:46.558000000,1.638307,1000
AHH,2023-07-19D01:08:22.229000000,0.841461,10
NFH,2023-07-19D01:09:47.207000000,1.774394,300
NAG,2023-07-19D01:10:13.098000000,1.659937,1000
EHJ,2023-07-19D01:10:47.525000000,0.2917083,50
NAG,2023-07-19D01:12:34.381000000,0.3135082,50
NAG,2023-07-19D01:12:36.577000000,0.2078,20
MDD,2023-07-19D01:12:42.249000000,0.1202424,10
NAG,2023-07-19D01:12:57.429000000,1.242362,20
INL,2023-07-19D01:13:18.096000000,0.138549,20
MDD,2023-07-19D01:16:53.175000000,1.620349,1000
INL,2023-07-19D01:18:17.195000000,0.08786413,300
EHJ,2023-07-19D01:18:33.477000000,1.014366,50
NFH,2023-07-19D01:19:34.165000000,1.305625,1000
OIL,2023-07-19D01:19:40.817000000,1.410494,300
AHH,2023-07-19D01:19:55.504000000,1.213159,10
EHJ,2023-07-19D01:22:02.336000000,1.174828,500
MDD,2023-07-19D01:22:28.011000000,0.03884149,10
INL,2023-07-19D01:22:29.645000000,1.738673,10
AHH,2023-07-19D01:23:03.768000000,0.07986801,300
MDD,2023-07-19D01:23:51.512000000,1.491554,10
HMG,2023-07-19D01:24:26.491000000,1.032468,500
INL,2023-07-19D01:24:31.868000000,1.122603,10
HMG,2023-07-19D01:25:32.636000000,1.579285,500
NFH,2023-07-19D01:25:42.138000000,0.07993326,50
HMG,2023-07-19D01:25:47.669000000,1.658076,1000
NFH,2023-07-19D01:25:53.722000000,0.5154072,20
EHJ,2023-07-19D01:29:59.077000000,0.05032185,1000
MDD,2023-07-19D01:30:04.492000000,1.571508,50
INL,2023-07-19D01:31:35.975000000,0.9111334,10
HMG,2023-07-19D01:32:08.435000000,0.5554412,20
NFH,2023-07-19D01:33:23.731000000,1.833071,10
EHJ,2023-07-19D01:34:43.624000000,1.035544,100
MDD,2023-07-19D01:34:56.448000000,1.263896,50
AHH,2023-07-19D01:35:22.348000000,1.167123,20
INL,2023-07-19D01:36:24.881000000,1.759962,500
HMG,2023-07-19D01:36:44.984000000,0.2029994,300
EHJ,2023-07-19D01:37:02.270000000,0.6799264,20
HMG,2023-07-19D01:38:48.852000000,1.379122,100
EHJ,2023-07-19D01:39:35.278000000,1.066104,100
OIL,2023-07-19D01:42:40.915000000,1.468581,1000
AHH,2023-07-19D01:43:10.551000000,0.05092581,1000
OIL,2023-07-19D01:43:33.622000000,0.6733038,20
HMG,2023-07-19D01:43:38.420000000,0.4729987,1000
MDD,2023-07-19D01:44:58.988000000,0.4189739,1000
NAG,2023-07-19D01:45:23.724000000,0.2560819,500
LDM,2023-07-19D01:46:16.364000000,0.9989937,20
LDM,2023-07-19D01:47:35.650000000,1.913723,20
HMG,2023-07-19D01:48:08.590000000,0.001632138,50
AHH,2023-07-19D01:48:08.877000000,0.8743743,10
LDM,2023-07-19D01:49:14.742000000,0.1836441,500
INL,2023-07-19D01:49:29.477000000,0.8987822,50
NFH,2023-07-19D01:49:29.690000000,0.8497671,500
MDD,2023-07-19D01:49:31.262000000,1.35701,500
EHJ,2023-07-19D01:50:02.549000000,1.213778,300
AHH,2023-07-19D01:50:33.916000000,0.8369369,1000
HMG,2023-07-19D01:51:18.227000000,0.5606914,20
OIL,2023-07-19D01:52:14.616000000,1.842371,1000
MDD,2023-07-19D01:52:18.016000000,0.01261874,500
INL,2023-07-19D01:53:12.529000000,0.9876953,1000
OIL,2023-07-19D01:53:16.354000000,1.212583,20
HMG,2023-07-19D01:53:59.301000000,1.500424,20
OIL,2023-07-19D01:54:57.236000000,0.8506742,10
AHH,2023-07-19D01:55:38.251000000,0.4143314,500
AHH,2023-07-19D01:55:57.355000000,0.9820593,1000
NFH,2023-07-19D01:55:58.395000000,1.849569,300
NFH,2023-07-19D01:56:51.362000000,0.5065387,10
NFH,2023-07-19D01:56:51.524000000,0.9790711,500
LDM,2023-07-19D01:57:27.491000000,1.337584,300
NAG,2023-07-19D01:58:10.249000000,0.6205529,50
INL,2023-07-19D01:58:31.433000000,1.661709,500
INL,2023-07-19D01:59:04.217000000,1.076667,100
NAG,2023-07-19D01:59:32.078000000,1.986681,50
OIL,2023-07-19D02:01:37.976000000,1.582048,20
AHH,2023-07-19D02:01:45.952000000,1.233954,1000
NFH,2023-07-19D02:01:59.402000000,0.706967,300
INL,2023-07-19D02:02:09.170000000,1.549752,50
NFH,2023-07-19D02:02:21.170000000,0.871881,20
AHH,2023-07-19D02:02:27.405000000,0.5441594,50
INL,2023-07-19D02:02:47.203000000,1.503536,1000
NAG,2023-07-19D02:04:52.800000000,1.550471,20
OIL,2023-07-19D02:05:50.420000000,1.269907,10
LDM,2023-07-19D02:06:10.478000000,1.713866,20
EHJ,2023-07-19D02:06:21.053000000,1.544205,10
INL,2023-07-19D02:06:30.365000000,0.1066873,500
NFH,2023-07-19D02:06:52.844000000,1.945303,20
EHJ,2023-07-19D02:06:59.074000000,1.189779,500
NFH,2023-07-19D02:08:11.999000000,1.27195,300
NFH,2023-07-19D02:08:19.979000000,1.100097,10
INL,2023-07-19D02:08:36.277000000,1.099571,1000
LDM,2023-07-19D02:09:16.063000000,1.823148,1000
MDD,2023-07-19D02:10:05.473000000,1.54786,100
OIL,2023-07-19D02:10:48.521000000,1.552834,500
LDM,2023-07-19D02:11:24.201000000,1.294869,20
OIL,2023-07-19D02:11:42.477000000,0.5863417,1000
NAG,2023-07-19D02:12:02.246000000,0.920548,100
INL,2023-07-19D02:12:10.555000000,1.48665,1000
AHH,2023-07-19D02:12:13.779000000,1.865758,50
NAG,2023-07-19D02:15:07.168000000,1.867693,20
HMG,2023-07-19D02:15:27.235000000,1.158442,100
LDM,2023-07-19D02:15:27.359000000,0.562319,20
OIL,2023-07-19D02:15:44.080000000,0.9467549,10
NFH,2023-07-19D02:15:49.108000000,0.6006461,50
HMG,2023-07-19D02:16:22.412000000,0.7237954,10
OIL,2023-07-19D02:16:43.746000000,1.961294,1000
HMG,2023-07-19D02:17:39.288000000,0.7169745,300
AHH,2023-07-19D02:18:56.873000000,0.01107461,100
HMG,2023-07-19D02:19:20.224000000,0.8144462,500
OIL,2023-07-19D02:21:26.824000000,0.3956206,500
LDM,2023-07-19D02:21:27.192000000,1.372366,500
AHH,2023-07-19D02:22:04.177000000,0.4443953,50
NFH,2023-07-19D02:22:32.567000000,0.5576243,50
EHJ,2023-07-19D02:22:33.817000000,0.8005028,50
EHJ,2023-07-19D02:23:22.884000000,1.114549,50
NFH,2023-07-19D02:24:09.519000000,1.602458,10
LDM,2023-07-19D02:24:37.430000000,1.510708,1000
MDD,2023-07-19D02:25:04.594000000,1.275454,500
INL,2023-07-19D02:25:37.926000000,1.024618,300
NFH,2023-07-19D02:26:19.775000000,1.0522,20
NFH,2023-07-19D02:26:27.446000000,0.8074128,50
INL,2023-07-19D02:28:07.084000000,1.495932,500
MDD,2023-07-19D02:28:15.667000000,0.7760685,300
EHJ,2023-07-19D02:30:18.674000000,1.080379,1000
INL,2023-07-19D02:31:12.890000000,1.999819,50
EHJ,2023-07-19D02:31:24.650000000,1.840184,50
NFH,2023-07-19D02:32:56.235000000,0.721947,100
LDM,2023-07-19D02:33:58.931000000,1.840085,500
NFH,2023-07-19D02:34:24.760000000,1.488268,10
INL,2023-07-19D02:35:43.998000000,0.179298,50
NFH,2023-07-19D02:36:01.666000000,1.040085,10
NFH,2023-07-19D02:36:03.157000000,0.4334453,1000
LDM,2023-07-19D02:36:07.442000000,0.4730339,300
NAG,2023-07-19D02:36:24.355000000,1.411892,10
OIL,2023-07-19D02:37:13.625000000,1.512687,10
LDM,2023-07-19D02:38:48.276000000,0.5012212,100
HMG,2023-07-19D02:38:55.196000000,0.4814919,20
HMG,2023-07-19D02:39:32.333000000,1.962735,500
HMG,2023-07-19D02:41:17.125000000,1.605877,100
NFH,2023-07-19D02:41:21.598000000,0.3480427,500
INL,2023-07-19D02:42:31.316000000,0.9482726,500
NFH,2023-07-19D02:43:30.124000000,1.761758,50
NFH,2023-07-19D02:43:46.074000000,0.6435566,300
MDD,2023-07-19D02:44:14.857000000,0.5670552,10
OIL,2023-07-19D02:44:16.531000000,1.527998,50
MDD,2023-07-19D02:44:22.870000000,0.383263,500
NFH,2023-07-19D02:45:14.495000000,0.8521247,1000
INL,2023-07-19D02:46:03.084000000,1.937949,50
NAG,2023-07-19D02:46:27.868000000,1.71304,100
HMG,2023-07-19D02:46:27.989000000,1.459523,300
MDD,2023-07-19D02:46:30.865000000,1.339172,20
NFH,2023-07-19D02:47:24.693000000,1.558216,20
OIL,2023-07-19D02:47:37.226000000,1.741093,10
OIL,2023-07-19D02:48:02.312000000,1.1933,10
AHH,2023-07-19D02:49:22.029000000,0.02849996,20
NAG,2023-07-19D02:49:25.995000000,1.287817,500
MDD,2023-07-19D02:49:48.376000000,1.111254,1000
MDD,2023-07-19D02:49:54.160000000,0.03131045,50
NAG,2023-07-19D02:50:36.611000000,1.036321,500
OIL,2023-07-19D02:52:39.936000000,1.580829,100
MDD,2023-07-19D02:53:58.726000000,1.569696,20
NFH,2023-07-19D02:55:52.395000000,0.08227417,1000
NFH,2023-07-19D02:56:06.973000000,1.396203,50
NAG,2023-07-19D02:57:55.564000000,1.395218,100
OIL,2023-07-19D02:58:00.006000000,0.03385568,1000
OIL,2023-07-19D02:59:34.075000000,1.965697,1000
NFH,2023-07-19D03:00:28.028000000,0.7892057,20
EHJ,2023-07-19D03:00:49.921000000,0.4732137,50
EHJ,2023-07-19D03:01:36.253000000,0.3817881,1000
EHJ,2023-07-19D03:03:25.072000000,0.1033181,100
AHH,2023-07-19D03:04:12.891000000,1.187101,100
NFH,2023-07-19D03:04:26.615000000,0.950901,10
LDM,2023-07-19D03:05:01.803000000,0.3888458,300
INL,2023-07-19D03:05:36.790000000,0.9879891,1000
AHH,2023-07-19D03:06:52.444000000,0.7068244,100
AHH,2023-07-19D03:07:56.729000000,0.8981865,50
INL,2023-07-19D03:10:16.761000000,0.5808243,100
NFH,2023-07-19D03:10:35.827000000,0.4917734,300
HMG,2023-07-19D03:12:55.452000000,0.2124692,20
OIL,2023-07-19D03:13:20.732000000,0.8360886,100
LDM,2023-07-19D03:14:23.281000000,0.4061068,10
HMG,2023-07-19D03:15:45.093000000,1.486867,300
LDM,2023-07-19D03:17:42.859000000,1.472994,500
NFH,2023-07-19D03:17:44.961000000,1.877876,10
EHJ,2023-07-19D03:18:55.643000000,1.75713,500
MDD,2023-07-19D03:19:25.488000000,1.680923,500
OIL,2023-07-19D03:19:51.421000000,0.4865659,1000
OIL,2023-07-19D03:21:08.023000000,1.910097,300
NFH,2023-07-19D03:22:10.812000000,0.5844551,100
MDD,2023-07-19D03:22:36.442000000,1.318931,500
HMG,2023-07-19D03:22:41.802000000,1.065097,300
AHH,2023-07-19D03:23:44.098000000,0.2038607,500
HMG,2023-07-19D03:26:06.089000000,1.00587,500
NAG,2023-07-19D03:26:12.949000000,1.73024,20
INL,2023-07-19D03:26:25.048000000,1.240972,1000
EHJ,2023-07-19D03:27:24.413000000,0.277528,20
EHJ,2023-07-19D03:28:35.303000000,0.5903889,10
MDD,2023-07-19D03:28:46.023000000,1.269637,500
NFH,2023-07-19D03:29:04.455000000,1.018428,100
OIL,2023-07-19D03:30:51.343000000,0.02341622,300
NAG,2023-07-19D03:32:11.860000000,1.907246,50
NFH,2023-07-19D03:33:15.487000000,0.2719888,20
NFH,2023-07-19D03:33:30.884000000,1.633007,50
HMG,2023-07-19D03:33:41.187000000,0.3679784,1000
NFH,2023-07-19D03:33:41.667000000,1.68098,500
MDD,2023-07-19D03:36:11.771000000,1.95934,20
OIL,2023-07-19D03:37:30.149000000,1.051837,20
MDD,2023-07-19D03:37:38.196000000,1.796256,1000
NFH,2023-07-19D03:38:44.297000000,1.572917,1000
NFH,2023-07-19D03:39:28.649000000,1.793443,300
NAG,2023-07-19D03:40:18.306000000,0.07207194,100
EHJ,2023-07-19D03:42:01.390000000,0.7021535,10
LDM,2023-07-19D03:42:14.728000000,1.766262,300
INL,2023-07-19D03:42:27.386000000,0.3507729,300
OIL,2023-07-19D03:42:35.135000000,0.5770906,300
AHH,2023-07-19D03:44:02.554000000,0.5420721,500
MDD,2023-07-19D03:44:22.329000000,1.491136,50
INL,2023-07-19D03:45:05.597000000,1.49832,20
LDM,2023-07-19D03:45:10.773000000,1.161684,1000
HMG,2023-07-19D03:46:22.460000000,1.071832,100
LDM,2023-07-19D03:46:35.895000000,0.3201481,20
EHJ,2023-07-19D03:48:57.798000000,1.468221,20
OIL,2023-07-19D03:49:41.845000000,0.0916649,20
LDM,2023-07-19D03:49:51.084000000,0.8258874,10
NFH,2023-07-19D03:50:00.576000000,1.517722,10
NAG,2023-07-19D03:50:02.236000000,0.3243928,20
LDM,2023-07-19D03:50:25.806000000,0.5401557,500
NFH,2023-07-19D03:50:44.906000000,0.2717228,100
INL,2023-07-19D03:51:00.284000000,0.7080031,500
INL,2023-07-19D03:52:07.177000000,1.365904,100
INL,2023-07-19D03:53:29.779000000,1.441255,1000
NFH,2023-07-19D03:53:34.710000000,0.4771423,50
AHH,2023-07-19D03:55:01.812000000,1.15979,100
NFH,2023-07-19D03:55:45.620000000,1.418887,300
EHJ,2023-07-19D03:56:11.257000000,1.387062,50
HMG,2023-07-19D03:56:15.933000000,0.8161086,50
MDD,2023-07-19D03:56:24.191000000,1.223054,1000
LDM,2023-07-19D03:57:08.639000000,1.505924,300
NFH,2023-07-19D03:57:09.345000000,1.06156,100
INL,2023-07-19D03:57:36.114000000,1.437679,1000
OIL,2023-07-19D03:58:18.431000000,1.177345,10
INL,2023-07-19D03:58:43.647000000,1.806436,1000
NFH,2023-07-19D03:58:58.259000000,0.463967,500
AHH,2023-07-19D04:00:20.022000000,1.109686,10
NFH,2023-07-19D04:00:53.871000000,0.02814543,50
NAG,2023-07-19D04:01:27.415000000,0.8304051,50
HMG,2023-07-19D04:02:04.763000000,0.4561458,100
HMG,2023-07-19D04:02:25.077000000,0.6105954,100
EHJ,2023-07-19D04:03:02.554000000,0.2416394,50
EHJ,2023-07-19D04:04:05.759000000,1.466437,20
LDM,2023-07-19D04:05:13.132000000,0.6115215,500
INL,2023-07-19D04:05:26.236000000,1.785899,100
OIL,2023-07-19D04:07:41.642000000,0.8632803,20
EHJ,2023-07-19D04:07:53.122000000,0.5237481,50
EHJ,2023-07-19D04:08:11.923000000,0.7299512,500
NAG,2023-07-19D04:08:36.522000000,1.815189,10
NAG,2023-07-19D04:12:19.702000000,0.006239182,1000
NFH,2023-07-19D04:12:23.279000000,1.17765,500
NAG,2023-07-19D04:12:30.712000000,0.2810282,20
EHJ,2023-07-19D04:12:43.710000000,1.16993,50
NFH,2023-07-19D04:14:15.166000000,1.000334,100
HMG,2023-07-19D04:14:44.623000000,0.9419919,1000
MDD,2023-07-19D04:14:55.549000000,0.8478248,500
MDD,2023-07-19D04:15:05.138000000,1.176304,500
INL,2023-07-19D04:15:27.818000000,1.114772,500
HMG,2023-07-19D04:15:37.021000000,1.711896,20
OIL,2023-07-19D04:15:48.779000000,1.25159,100
NFH,2023-07-19D04:15:53.526000000,0.8823045,1000
INL,2023-07-19D04:17:32.884000000,0.2218648,300
NFH,2023-07-19D04:18:01.113000000,0.5433283,10
EHJ,2023-07-19D04:18:38.697000000,1.547141,20
EHJ,2023-07-19D04:19:08.725000000,1.753986,100
NFH,2023-07-19D04:19:18.472000000,1.289279,500
NFH,2023-07-19D04:19:30.423000000,0.2384235,10
INL,2023-07-19D04:20:05.268000000,0.2596693,20
OIL,2023-07-19D04:21:11.875000000,0.8970792,100
EHJ,2023-07-19D04:21:23.328000000,1.713196,50
OIL,2023-07-19D04:22:03.515000000,1.641581,10
LDM,2023-07-19D04:22:58.906000000,0.2063776,100
INL,2023-07-19D04:24:02.624000000,1.84382,1000
OIL,2023-07-19D04:24:55.378000000,1.966565,100
HMG,2023-07-19D04:25:27.587000000,0.5281097,100
NFH,2023-07-19D04:26:20.458000000,0.6855614,300
NFH,2023-07-19D04:26:48.736000000,0.2803561,10
OIL,2023-07-19D04:27:53.439000000,0.07184601,300
EHJ,2023-07-19D04:28:04.942000000,1.95118,100
NFH,2023-07-19D04:28:10.763000000,0.9135606,10
HMG,2023-07-19D04:30:17.737000000,1.89776,500
INL,2023-07-19D04:30:25.322000000,1.902576,20
MDD,2023-07-19D04:30:26.074000000,0.714027,20
NAG,2023-07-19D04:30:46.798000000,1.670328,50
OIL,2023-07-19D04:31:54.003000000,0.411237,500
HMG,2023-07-19D04:32:07.846000000,1.495794,500
LDM,2023-07-19D04:32:22.106000000,0.03977073,300
NAG,2023-07-19D04:33:04.472000000,0.8940516,300
NFH,2023-07-19D04:33:37.818000000,1.896951,300
EHJ,2023-07-19D04:35:27.519000000,0.5582452,10
LDM,2023-07-19D04:38:44.685000000,0.1839771,20
NFH,2023-07-19D04:40:28.275000000,1.130719,500
HMG,2023-07-19D04:40:48.850000000,1.202997,100
NFH,2023-07-19D04:41:01.716000000,1.324949,50
HMG,2023-07-19D04:42:15.494000000,1.670284,20
EHJ,2023-07-19D04:42:19.739000000,0.4994443,1000
OIL,2023-07-19D04:42:39.089000000,0.006339711,20
LDM,2023-07-19D04:42:43.493000000,1.820068,500
INL,2023-07-19D04:43:00.198000000,0.9825271,10
NAG,2023-07-19D04:45:50.112000000,1.565585,100
EHJ,2023-07-19D04:46:05.145000000,0.5653866,20
LDM,2023-07-19D04:46:53.136000000,1.996858,1000
NFH,2023-07-19D04:47:06.671000000,0.1138898,500
HMG,2023-07-19D04:47:17.111000000,0.4568517,10
MDD,2023-07-19D04:47:27.151000000,1.283295,500
NFH,2023-07-19D04:49:08.152000000,0.3786595,1000
NFH,2023-07-19D04:49:26.883000000,0.3552405,300
EHJ,2023-07-19D04:49:50.645000000,0.5121807,50
NFH,2023-07-19D04:51:02.657000000,0.8539363,1000
EHJ,2023-07-19D04:51:10.232000000,0.5747171,100
NFH,2023-07-19D04:52:24.617000000,0.8259467,50
AHH,2023-07-19D04:53:26.334000000,0.04662261,500
HMG,2023-07-19D04:53:43.544000000,1.23396,1000
LDM,2023-07-19D04:55:13.522000000,1.840815,100
MDD,2023-07-19D04:56:09.679000000,0.8539746,500
NFH,2023-07-19D04:56:24.892000000,1.580623,10
AHH,2023-07-19D04:56:41.441000000,1.569423,100
OIL,2023-07-19D04:56:43.045000000,1.928289,20
NFH,2023-07-19D04:57:38.357000000,1.605086,300
NFH,2023-07-19D04:58:01.651000000,0.9953103,100
LDM,2023-07-19D05:02:12.387000000,0.1619818,100
LDM,2023-07-19D05:03:23.777000000,1.941954,100
HMG,2023-07-19D05:04:04.094000000,1.118483,300
LDM,2023-07-19D05:04:05.472000000,1.784711,20
LDM,2023-07-19D05:04:08.893000000,1.149268,20
NFH,2023-07-19D05:04:59.460000000,0.05422264,50
MDD,2023-07-19D05:06:36.351000000,0.3392583,50
NAG,2023-07-19D05:07:06.563000000,1.150099,100
EHJ,2023-07-19D05:07:52.318000000,1.700323,1000
NAG,2023-07-19D05:08:07.849000000,1.682083,50
LDM,2023-07-19D05:08:14.425000000,1.326266,100
NFH,2023-07-19D05:08:27.550000000,1.581533,10
LDM,2023-07-19D05:09:48.601000000,1.681953,50
OIL,2023-07-19D05:11:09.609000000,0.7464512,20
EHJ,2023-07-19D05:11:59.627000000,1.698897,100
NFH,2023-07-19D05:12:21.643000000,0.42878,20
NAG,2023-07-19D05:13:21.193000000,0.2294163,1000
HMG,2023-07-19D05:13:37.110000000,0.9539794,50
EHJ,2023-07-19D05:14:29.868000000,0.6690603,20
INL,2023-07-19D05:15:26.734000000,0.1619874,10
NFH,2023-07-19D05:16:05.992000000,0.8860979,500
NFH,2023-07-19D05:17:20.713000000,1.504564,20
LDM,2023-07-19D05:18:03.015000000,0.1022684,20
HMG,2023-07-19D05:21:53.717000000,1.461497,500
OIL,2023-07-19D05:23:31.002000000,1.76381,1000
NFH,2023-07-19D05:24:59.360000000,0.5227868,100
NAG,2023-07-19D05:25:56.634000000,1.135425,10
NFH,2023-07-19D05:26:11.593000000,1.137597,50
AHH,2023-07-19D05:26:13.159000000,1.58567,500
LDM,2023-07-19D05:26:50.461000000,1.011307,100
AHH,2023-07-19D05:27:03.624000000,1.330098,1000
LDM,2023-07-19D05:27:39.258000000,0.2286864,500
AHH,2023-07-19D05:27:43.255000000,0.3854757,20
EHJ,2023-07-19D05:27:59.813000000,0.478118,1000
MDD,2023-07-19D05:28:39.930000000,0.6667306,100
HMG,2023-07-19D05:29:11.747000000,0.1500375,20
NFH,2023-07-19D05:29:52.174000000,0.6286849,1000
OIL,2023-07-19D05:31:49.914000000,1.094165,1000
INL,2023-07-19D05:33:07.579000000,1.865045,20
INL,2023-07-19D05:33:48.542000000,0.5693888,300
AHH,2023-07-19D05:35:43.707000000,1.960566,300
NAG,2023-07-19D05:36:42.153000000,1.552963,10
NAG,2023-07-19D05:37:45.380000000,0.04048668,20
NFH,2023-07-19D05:38:11.922000000,0.8750078,300
AHH,2023-07-19D05:38:21.757000000,1.897851,20
INL,2023-07-19D05:39:27.006000000,1.265414,300
NAG,2023-07-19D05:39:33.796000000,0.06377774,300
NFH,2023-07-19D05:39:45.703000000,1.532732,20
NAG,2023-07-19D05:40:23.306000000,0.9710167,500
NFH,2023-07-19D05:41:27.805000000,0.07046768,1000
EHJ,2023-07-19D05:42:08.142000000,1.571622,100
OIL,2023-07-19D05:42:25.570000000,0.3071396,50
NFH,2023-07-19D05:42:27.565000000,1.135072,1000
NFH,2023-07-19D05:42:42.059000000,0.6057,50
NFH,2023-07-19D05:42:56.175000000,0.1119672,1000
EHJ,2023-07-19D05:42:58.012000000,0.5952204,100
OIL,2023-07-19D05:43:45.993000000,0.5607296,100
OIL,2023-07-19D05:44:05.745000000,0.8342201,300
AHH,2023-07-19D05:44:51.804000000,1.782104,20
HMG,2023-07-19D05:45:27.721000000,1.963336,10
INL,2023-07-19D05:45:46.867000000,0.9036424,500
EHJ,2023-07-19D05:46:38.693000000,1.238215,300
OIL,2023-07-19D05:46:48.375000000,1.144654,10
NFH,2023-07-19D05:46:50.588000000,1.387056,10
MDD,2023-07-19D05:48:04.034000000,0.6614284,1000
NAG,2023-07-19D05:48:34.142000000,0.3552391,50
MDD,2023-07-19D05:49:30.516000000,0.6717008,500
LDM,2023-07-19D05:49:43.931000000,1.978033,10
EHJ,2023-07-19D05:50:04.039000000,0.07177603,50
INL,2023-07-19D05:51:23.812000000,1.524246,20
HMG,2023-07-19D05:51:25.110000000,1.33473,300
NFH,2023-07-19D05:53:04.168000000,0.0050666,20
HMG,2023-07-19D05:53:04.466000000,0.03486615,300
MDD,2023-07-19D05:53:27.729000000,0.4122556,50
NAG,2023-07-19D05:53:48.534000000,1.803973,500
LDM,2023-07-19D05:54:00.206000000,0.6478221,50
NFH,2023-07-19D05:54:35.506000000,1.411279,300
OIL,2023-07-19D05:55:05.806000000,1.047209,100
NFH,2023-07-19D05:55:12.595000000,1.615845e-06,10
AHH,2023-07-19D05:55:58.961000000,0.5907386,10
EHJ,2023-07-19D05:56:28.723000000,0.651526,100
EHJ,2023-07-19D05:56:59.405000000,0.3678282,50
INL,2023-07-19D05:57:55.193000000,1.48632,500
INL,2023-07-19D05:58:12.980000000,1.143713,300
MDD,2023-07-19D05:58:28.285000000,0.5526798,50
AHH,2023-07-19D05:59:29.540000000,0.4259008,1000
AHH,2023-07-19D06:00:29.410000000,0.4034186,1000
LDM,2023-07-19D06:00:33.678000000,1.973504,300
NAG,2023-07-19D06:00:41.610000000,1.817968,1000
EHJ,2023-07-19D06:01:02.254000000,1.374324,300
NFH,2023-07-19D06:01:03.722000000,1.451813,300
EHJ,2023-07-19D06:01:42.919000000,0.8405997,1000
EHJ,2023-07-19D06:01:46.454000000,0.07947099,100
HMG,2023-07-19D06:04:48.884000000,0.3183128,500
NAG,2023-07-19D06:05:11.536000000,1.216183,20
LDM,2023-07-19D06:05:30.190000000,0.2509235,300
NAG,2023-07-19D06:06:38.284000000,0.7821808,100
NFH,2023-07-19D06:07:33.287000000,0.01894994,20
INL,2023-07-19D06:09:07.712000000,1.927921,50
INL,2023-07-19D06:09:13.990000000,1.192011,300
NAG,2023-07-19D06:09:20.059000000,1.621067,300
HMG,2023-07-19D06:09:42.234000000,1.759049,20
AHH,2023-07-19D06:09:51.367000000,0.6129417,100
NFH,2023-07-19D06:10:14.635000000,1.848379,300
INL,2023-07-19D06:11:15.549000000,0.2983409,500
NAG,2023-07-19D06:11:21.156000000,0.3683646,500
OIL,2023-07-19D06:11:21.535000000,1.594762,300
INL,2023-07-19D06:11:38.552000000,0.7822835,100
EHJ,2023-07-19D06:12:00.043000000,0.1616115,1000
NAG,2023-07-19D06:12:45.868000000,0.2833168,20
NFH,2023-07-19D06:13:31.087000000,1.212103,1000
AHH,2023-07-19D06:13:50.569000000,0.180012,10
NAG,2023-07-19D06:14:28.986000000,0.8329852,10
AHH,2023-07-19D06:15:52.038000000,0.4391741,20
OIL,2023-07-19D06:16:14.589000000,1.330429,20
OIL,2023-07-19D06:18:17.791000000,0.3161865,500
MDD,2023-07-19D06:20:32.476000000,0.9475191,300
LDM,2023-07-19D06:21:20.440000000,0.6668973,300
AHH,2023-07-19D06:21:39.029000000,0.05587159,20
EHJ,2023-07-19D06:22:12.548000000,0.9901664,20
NFH,2023-07-19D06:24:51.083000000,0.6214929,100
INL,2023-07-19D06:25:16.649000000,0.4400445,10
LDM,2023-07-19D06:26:25.988000000,1.929053,500
AHH,2023-07-19D06:26:28.943000000,1.173116,1000
INL,2023-07-19D06:28:03.338000000,1.263241,100
AHH,2023-07-19D06:28:30.253000000,0.4242503,100
EHJ,2023-07-19D06:29:16.631000000,1.881217,100
LDM,2023-07-19D06:29:23.396000000,0.139795,20
OIL,2023-07-19D06:30:28.260000000,0.2371118,10
HMG,2023-07-19D06:30:53.769000000,1.098433,1000
AHH,2023-07-19D06:31:07.919000000,1.592767,500
INL,2023-07-19D06:32:29.227000000,0.7326305,500
HMG,2023-07-19D06:33:35.949000000,0.5720057,500
OIL,2023-07-19D06:35:08.202000000,0.3473332,20
NAG,2023-07-19D06:36:36.870000000,0.4163429,1000
MDD,2023-07-19D06:36:42.247000000,1.159627,20
EHJ,2023-07-19D06:36:59.445000000,1.743562,500
INL,2023-07-19D06:37:04.364000000,0.3530151,20
NFH,2023-07-19D06:37:19.311000000,0.9232355,1000
NAG,2023-07-19D06:37:29.535000000,0.6370201,10
NAG,2023-07-19D06:37:51.016000000,1.530093,300
NAG,2023-07-19D06:40:34.037000000,0.2688086,100
NFH,2023-07-19D06:40:51.018000000,0.08702485,500
NAG,2023-07-19D06:41:08.796000000,0.6622465,500
NFH,2023-07-19D06:41:35.550000000,0.08338668,50
MDD,2023-07-19D06:42:16.719000000,0.6278564,300
NAG,2023-07-19D06:42:32.084000000,0.5950334,20
LDM,2023-07-19D06:43:44.380000000,0.08250761,20
LDM,2023-07-19D06:45:14.415000000,1.872027,300
LDM,2023-07-19D06:46:28.131000000,0.3574907,10
LDM,2023-07-19D06:46:39.976000000,0.841708,300
NAG,2023-07-19D06:47:25.422000000,1.205737,50
NFH,2023-07-19D06:47:31.556000000,0.7003018,500
MDD,2023-07-19D06:47:44.433000000,1.585288,500
INL,2023-07-19D06:49:27.002000000,0.09797142,1000
OIL,2023-07-19D06:49:42.229000000,0.4302233,10
MDD,2023-07-19D06:50:45.877000000,0.3519511,10
LDM,2023-07-19D06:52:19.676000000,0.6952176,20
MDD,2023-07-19D06:53:33.240000000,0.6935386,500
LDM,2023-07-19D06:53:59.077000000,0.8359206,100
LDM,2023-07-19D06:55:07.932000000,1.036468,10
EHJ,2023-07-19D06:56:09.412000000,0.5475389,300
EHJ,2023-07-19D06:56:41.318000000,1.698826,10
MDD,2023-07-19D06:56:46.122000000,0.06017505,20
MDD,2023-07-19D06:57:04.978000000,0.6490786,50
NFH,2023-07-19D06:57:47.772000000,1.812186,500
EHJ,2023-07-19D06:58:10.206000000,0.2683925,1000
EHJ,2023-07-19D06:58:25.884000000,0.4512867,10
LDM,2023-07-19D07:00:00.011000000,0.9090733,300
HMG,2023-07-19D07:00:18.485000000,1.20561,100
MDD,2023-07-19D07:01:19.517000000,0.2254705,300
OIL,2023-07-19D07:01:29.025000000,1.853801,10
INL,2023-07-19D07:01:30.559000000,0.9001563,300
NFH,2023-07-19D07:02:19.867000000,0.5611113,100
NAG,2023-07-19D07:02:44.396000000,1.672911,20
INL,2023-07-19D07:02:57.556000000,1.094124,50
LDM,2023-07-19D07:04:24.743000000,1.325878,100
NFH,2023-07-19D07:04:39.887000000,0.5832056,10
NFH,2023-07-19D07:05:49.449000000,0.7329794,500
HMG,2023-07-19D07:06:20.348000000,1.540958,1000
OIL,2023-07-19D07:06:22.185000000,1.963698,10
EHJ,2023-07-19D07:06:30.566000000,0.3060776,20
NFH,2023-07-19D07:08:38.150000000,1.869119,1000
OIL,2023-07-19D07:10:06.893000000,1.304224,100
OIL,2023-07-19D07:11:44.378000000,1.99529,100
HMG,2023-07-19D07:12:02.845000000,1.864025,500
OIL,2023-07-19D07:12:25.734000000,1.846966,50
LDM,2023-07-19D07:12:32.312000000,1.106719,500
LDM,2023-07-19D07:12:57.576000000,0.2442873,10
OIL,2023-07-19D07:14:55.256000000,0.7718885,20
INL,2023-07-19D07:15:35.543000000,1.810315,500
INL,2023-07-19D07:16:44.734000000,1.517195,10
EHJ,2023-07-19D07:17:17.170000000,1.700251,50
INL,2023-07-19D07:18:23.115000000,0.5045703,500
INL,2023-07-19D07:19:06.503000000,1.561581,1000
NFH,2023-07-19D07:20:39.433000000,1.372793,1000
OIL,2023-07-19D07:20:48.065000000,0.8969439,300
NFH,2023-07-19D07:21:05.193000000,1.828339,50
NFH,2023-07-19D07:21:17.888000000,1.228313,100
NFH,2023-07-19D07:21:57.695000000,0.1280613,300
OIL,2023-07-19D07:23:32.530000000,0.63836,500
HMG,2023-07-19D07:23:36.389000000,0.7225443,1000
NFH,2023-07-19D07:24:05.941000000,1.726188,10
LDM,2023-07-19D07:24:19.932000000,1.029981,10
NFH,2023-07-19D07:24:25.253000000,1.870417,20
EHJ,2023-07-19D07:25:03.800000000,1.097168,10
MDD,2023-07-19D07:25:27.367000000,1.12954,500
HMG,2023-07-19D07:25:59.918000000,1.718157,100
OIL,2023-07-19D07:26:06.723000000,0.5418359,1000
AHH,2023-07-19D07:26:09.194000000,1.109162,500
EHJ,2023-07-19D07:27:28.652000000,0.8925984,100
OIL,2023-07-19D07:28:16.510000000,0.3463847,500
MDD,2023-07-19D07:28:43.364000000,1.622843,50
AHH,2023-07-19D07:29:18.331000000,0.7178931,100
MDD,2023-07-19D07:31:33.528000000,1.666273,50
AHH,2023-07-19D07:33:20.181000000,0.3622414,100
NAG,2023-07-19D07:33:36.420000000,1.597334,1000
NFH,2023-07-19D07:35:08.748000000,1.547974,50
NFH,2023-07-19D07:36:32.127000000,1.938265,500
MDD,2023-07-19D07:37:35.418000000,0.5158263,1000
HMG,2023-07-19D07:38:09.587000000,0.003247417,20
NFH,2023-07-19D07:38:09.732000000,1.880658,100
EHJ,2023-07-19D07:39:24.186000000,1.594634,1000
NFH,2023-07-19D07:39:59.226000000,1.994339,1000
HMG,2023-07-19D07:41:20.288000000,1.053526,50
AHH,2023-07-19D07:42:50.970000000,1.867224,20
OIL,2023-07-19D07:43:11.149000000,1.777178,500
NFH,2023-07-19D07:44:21.345000000,0.9051765,50
MDD,2023-07-19D07:44:41.593000000,1.543423,50
HMG,2023-07-19D07:45:22.042000000,0.3171974,100
INL,2023-07-19D07:45:31.289000000,0.2984113,100
HMG,2023-07-19D07:45:34.687000000,1.761039,1000
LDM,2023-07-19D07:46:05.023000000,1.200077,300
INL,2023-07-19D07:46:23.878000000,0.501075,10
EHJ,2023-07-19D07:46:28.532000000,0.6641244,1000
EHJ,2023-07-19D07:46:51.123000000,0.265653,100
OIL,2023-07-19D07:47:10.961000000,0.265275,20
AHH,2023-07-19D07:48:40.755000000,0.502038,1000
AHH,2023-07-19D07:48:46.899000000,1.111139,500
LDM,2023-07-19D07:49:18.492000000,1.075209,20
EHJ,2023-07-19D07:49:39.245000000,1.522303,100
HMG,2023-07-19D07:50:17.074000000,1.695693,300
NFH,2023-07-19D07:50:51.029000000,0.4049867,20
AHH,2023-07-19D07:50:59.190000000,0.228218,1000
NFH,2023-07-19D07:51:42.095000000,0.940554,20
HMG,2023-07-19D07:52:44.186000000,1.38667,100
INL,2023-07-19D07:52:45.252000000,1.879616,300
NAG,2023-07-19D07:52:51.536000000,0.01607555,100
LDM,2023-07-19D07:53:27.613000000,0.4958188,10
MDD,2023-07-19D07:54:44.034000000,0.8168743,10
MDD,2023-07-19D07:55:27.658000000,0.9253865,100
NFH,2023-07-19D07:55:34.767000000,1.001167,50
MDD,2023-07-19D07:56:09.244000000,0.3937854,300
AHH,2023-07-19D07:56:45.399000000,1.785432,300
AHH,2023-07-19D07:57:29.979000000,1.817377,1000
HMG,2023-07-19D07:57:50.790000000,0.7041498,1000
OIL,2023-07-19D07:58:25.950000000,0.08405129,100
NFH,2023-07-19D07:58:28.740000000,1.471988,500
HMG,2023-07-19D07:58:30.876000000,1.855823,100
LDM,2023-07-19D07:59:05.179000000,0.06480868,20
OIL,2023-07-19D07:59:51.293000000,0.2247168,100
OIL,2023-07-19D07:59:57.489000000,1.005182,100
EHJ,2023-07-19D08:00:24.917000000,1.793282,50
HMG,2023-07-19D08:00:49.716000000,0.1107762,50
HMG,2023-07-19D08:01:15.197000000,1.265189,100
OIL,2023-07-19D08:01:22.013000000,0.03004616,20
AHH,2023-07-19D08:01:27.609000000,0.8667663,50
HMG,2023-07-19D08:02:21.257000000,1.27678,50
OIL,2023-07-19D08:03:41.368000000,1.174139,1000
HMG,2023-07-19D08:05:02.098000000,1.254217,100
MDD,2023-07-19D08:06:40.865000000,1.604533,20
NFH,2023-07-19D08:08:16.737000000,0.3073951,10
LDM,2023-07-19D08:09:03.159000000,0.1792962,300
LDM,2023-07-19D08:09:05.480000000,0.3739607,300
LDM,2023-07-19D08:09:28.471000000,1.989004,20
NFH,2023-07-19D08:09:54.296000000,0.9291402,1000
OIL,2023-07-19D08:10:23.843000000,0.4315065,1000
MDD,2023-07-19D08:10:54.595000000,0.2054045,1000
OIL,2023-07-19D08:11:21.215000000,1.058672,100
HMG,2023-07-19D08:11:25.483000000,1.524614,300
NFH,2023-07-19D08:13:28.698000000,1.429898,100
NFH,2023-07-19D08:13:36.464000000,1.746454,1000
LDM,2023-07-19D08:13:44.969000000,0.5566976,300
NAG,2023-07-19D08:14:36.928000000,0.5606433,300
LDM,2023-07-19D08:14:44.758000000,0.5560675,10
MDD,2023-07-19D08:14:55.008000000,1.327657,100
NFH,2023-07-19D08:15:48.781000000,1.71553,20
NFH,2023-07-19D08:16:00.646000000,1.628017,100
NFH,2023-07-19D08:16:06.977000000,0.1567624,500
NFH,2023-07-19D08:16:07.484000000,1.375888,100
OIL,2023-07-19D08:16:08.606000000,1.181337,1000
NAG,2023-07-19D08:16:17.890000000,1.566356,50
OIL,2023-07-19D08:17:37.614000000,0.8826482,500
MDD,2023-07-19D08:18:00.703000000,0.8096701,300
EHJ,2023-07-19D08:18:57.458000000,0.8873998,100
INL,2023-07-19D08:20:26.113000000,0.3826936,20
EHJ,2023-07-19D08:20:50.860000000,0.1830888,50
OIL,2023-07-19D08:20:51.823000000,0.3137561,10
MDD,2023-07-19D08:21:00.036000000,1.172162,1000
OIL,2023-07-19D08:22:09.336000000,1.377692,20
NFH,2023-07-19D08:22:54.753000000,0.3181866,10
OIL,2023-07-19D08:25:46.228000000,1.435686,300
NFH,2023-07-19D08:25:53.609000000,1.424724,300
LDM,2023-07-19D08:26:05.571000000,1.029728,1000
LDM,2023-07-19D08:26:23.875000000,0.6747414,100
LDM,2023-07-19D08:28:30.453000000,0.05076762,20
EHJ,2023-07-19D08:29:42.112000000,0.5844568,10
NFH,2023-07-19D08:29:49.402000000,0.270061,500
EHJ,2023-07-19D08:30:07.915000000,1.809947,300
LDM,2023-07-19D08:30:12.779000000,1.695656,100
AHH,2023-07-19D08:30:41.501000000,1.439034,300
NFH,2023-07-19D08:32:25.623000000,0.3042381,100
OIL,2023-07-19D08:33:11.729000000,1.880891,100
MDD,2023-07-19D08:33:44.355000000,0.7900567,100
EHJ,2023-07-19D08:34:27.645000000,0.01513056,20
NAG,2023-07-19D08:35:01.214000000,0.9068597,500
EHJ,2023-07-19D08:35:09.308000000,0.6006674,20
EHJ,2023-07-19D08:35:28.185000000,1.829471,100
NFH,2023-07-19D08:35:29.716000000,1.93293,500
OIL,2023-07-19D08:35:34.142000000,1.238855,20
MDD,2023-07-19D08:35:42.325000000,1.417575,50
NFH,2023-07-19D08:40:07.078000000,0.918889,50
MDD,2023-07-19D08:41:12.889000000,1.032516,1000
MDD,2023-07-19D08:42:55.913000000,1.055991,500
HMG,2023-07-19D08:43:04.833000000,0.7092268,20
NFH,2023-07-19D08:43:54.730000000,0.9364815,300
MDD,2023-07-19D08:44:14.224000000,0.4786211,100
NAG,2023-07-19D08:44:36.338000000,0.157013,50
AHH,2023-07-19D08:44:43.013000000,0.8813537,300
INL,2023-07-19D08:45:10.687000000,0.6300956,20
MDD,2023-07-19D08:45:36.485000000,1.404096,20
LDM,2023-07-19D08:45:40.720000000,1.909166,20
OIL,2023-07-19D08:46:01.726000000,0.1277057,50
NAG,2023-07-19D08:46:19.539000000,1.483951,50
AHH,2023-07-19D08:47:11.548000000,0.1365574,50
NFH,2023-07-19D08:47:26.207000000,0.4233585,10
NFH,2023-07-19D08:48:14.996000000,0.5277266,1000
NFH,2023-07-19D08:48:16.920000000,1.148351,10
EHJ,2023-07-19D08:49:31.370000000,1.499006,50
OIL,2023-07-19D08:50:39.565000000,0.9170275,50
OIL,2023-07-19D08:50:49.897000000,0.2579864,10
OIL,2023-07-19D08:51:01.733000000,1.228649,1000
NFH,2023-07-19D08:51:25.662000000,1.652493,1000
LDM,2023-07-19D08:52:29.579000000,0.7019939,100
NFH,2023-07-19D08:52:50.033000000,1.888549,300
OIL,2023-07-19D08:52:52.932000000,1.065506,10
HMG,2023-07-19D08:52:56.181000000,1.191853,300
AHH,2023-07-19D08:53:03.710000000,1.493574,10
INL,2023-07-19D08:53:23.571000000,0.1212093,100
EHJ,2023-07-19D08:54:03.734000000,0.9420144,20
OIL,2023-07-19D08:57:22.164000000,0.3519173,100
NAG,2023-07-19D08:57:45.183000000,1.855702,1000
NFH,2023-07-19D08:58:26.286000000,0.9201576,10
NFH,2023-07-19D08:58:52.605000000,1.536033,1000
EHJ,2023-07-19D08:59:24.646000000,1.300195,100
AHH,2023-07-19D09:00:44.168000000,0.8844132,500
NFH,2023-07-19D09:02:18.325000000,0.0953759,300
EHJ,2023-07-19D09:03:06.542000000,0.1374942,1000
MDD,2023-07-19D09:03:10.953000000,0.6143849,500
NFH,2023-07-19D09:03:30.154000000,1.087443,10
EHJ,2023-07-19D09:03:43.374000000,1.652008,20
MDD,2023-07-19D09:04:10.673000000,1.699269,500
INL,2023-07-19D09:04:11.959000000,0.4780869,500
LDM,2023-07-19D09:06:23.719000000,0.2796522,10
HMG,2023-07-19D09:07:13.061000000,0.00612069,50
INL,2023-07-19D09:07:31.847000000,1.798618,10
NAG,2023-07-19D09:08:05.973000000,0.9829621,20
EHJ,2023-07-19D09:08:16.012000000,1.348367,300
OIL,2023-07-19D09:08:37.186000000,0.007091765,500
AHH,2023-07-19D09:09:27.789000000,0.5040336,10
HMG,2023-07-19D09:10:11.192000000,1.426979,10
LDM,2023-07-19D09:10:37.267000000,1.991308,20
EHJ,2023-07-19D09:11:18.778000000,1.266722,300
NFH,2023-07-19D09:13:00.655000000,1.501082,500
NFH,2023-07-19D09:13:27.400000000,1.701715,300
LDM,2023-07-19D09:13:27.821000000,0.6492654,50
LDM,2023-07-19D09:13:33.035000000,1.507389,50
NAG,2023-07-19D09:14:08.850000000,0.8917155,20
NFH,2023-07-19D09:14:41.496000000,1.853098,10
LDM,2023-07-19D09:16:28.854000000,1.327287,10
LDM,2023-07-19D09:16:31.981000000,0.9087253,20
MDD,2023-07-19D09:17:09.775000000,1.28953,50
HMG,2023-07-19D09:17:22.996000000,0.7872337,100
OIL,2023-07-19D09:17:38.076000000,1.886721,50
LDM,2023-07-19D09:18:04.129000000,0.5495481,10
AHH,2023-07-19D09:18:50.564000000,0.6399547,20
MDD,2023-07-19D09:19:11.317000000,0.7551277,10
MDD,2023-07-19D09:19:30.775000000,0.6493506,10
MDD,2023-07-19D09:19:32.525000000,1.229832,300
LDM,2023-07-19D09:20:22.962000000,1.873222,1000
NFH,2023-07-19D09:21:42.256000000,1.00469,300
OIL,2023-07-19D09:21:52.594000000,0.6719382,300
AHH,2023-07-19D09:22:07.400000000,1.370026,50
INL,2023-07-19D09:22:29.937000000,0.856744,1000
NFH,2023-07-19D09:23:24.623000000,0.8534345,100
EHJ,2023-07-19D09:24:58.061000000,0.7178224,300
AHH,2023-07-19D09:25:13.041000000,0.9758527,50
INL,2023-07-19D09:25:22.005000000,1.867066,300
HMG,2023-07-19D09:27:01.037000000,0.09233817,300
OIL,2023-07-19D09:27:06.234000000,1.871386,20
AHH,2023-07-19D09:27:25.359000000,0.6707689,50
INL,2023-07-19D09:27:50.823000000,1.858949,500
HMG,2023-07-19D09:28:07.979000000,1.817885,50
INL,2023-07-19D09:30:08.132000000,1.925108,1000
NFH,2023-07-19D09:30:08.263000000,1.283794,300
NFH,2023-07-19D09:30:19.360000000,1.258156,50
OIL,2023-07-19D09:32:42.710000000,1.204746,20
OIL,2023-07-19D09:32:45.309000000,0.8326834,10
MDD,2023-07-19D09:33:06.751000000,1.735169,20
HMG,2023-07-19D09:33:40.478000000,1.912395,100
AHH,2023-07-19D09:33:49.674000000,1.904122,10
OIL,2023-07-19D09:34:21.283000000,0.2607287,10
AHH,2023-07-19D09:34:34.816000000,1.323859,10
LDM,2023-07-19D09:35:28.935000000,1.651586,100
LDM,2023-07-19D09:35:38.693000000,0.03777729,500
HMG,2023-07-19D09:35:50.452000000,0.5204757,50
EHJ,2023-07-19D09:36:27.074000000,0.4182343,1000
NFH,2023-07-19D09:36:59.014000000,1.205961,300
HMG,2023-07-19D09:38:36.152000000,0.3588258,20
AHH,2023-07-19D09:39:02.804000000,0.1069911,50
LDM,2023-07-19D09:41:22.360000000,0.5586746,20
OIL,2023-07-19D09:41:32.769000000,0.9691104,100
EHJ,2023-07-19D09:42:13.349000000,0.4441457,500
NFH,2023-07-19D09:43:58.000000000,1.304522,10
MDD,2023-07-19D09:46:18.910000000,0.4735058,1000
INL,2023-07-19D09:49:32.344000000,0.8263089,100
EHJ,2023-07-19D09:49:36.413000000,1.52796,50
MDD,2023-07-19D09:49:55.762000000,1.401284,1000
INL,2023-07-19D09:50:01.233000000,0.620875,20
MDD,2023-07-19D09:51:02.619000000,0.9796794,1000
LDM,2023-07-19D09:52:57.372000000,1.966154,100
EHJ,2023-07-19D09:53:06.230000000,0.2458119,50
INL,2023-07-19D09:53:21.423000000,1.666907,50
NAG,2023-07-19D09:53:46.431000000,1.788214,50
HMG,2023-07-19D09:54:06.240000000,1.202123,500
NFH,2023-07-19D09:55:41.329000000,0.1061345,10
OIL,2023-07-19D09:56:11.829000000,1.444642,10
INL,2023-07-19D09:56:18.730000000,0.9971909,20
MDD,2023-07-19D09:56:29.536000000,0.8919345,10
EHJ,2023-07-19D09:58:01.706000000,1.462737,20
NFH,2023-07-19D09:58:21.909000000,1.337412,20
NFH,2023-07-19D09:58:31.324000000,1.252367,500
AHH,2023-07-19D09:58:32.729000000,0.8761739,20
NAG,2023-07-19D09:59:04.114000000,1.453231,100
EHJ,2023-07-19D10:01:29.780000000,0.4569876,20
LDM,2023-07-19D10:02:38.005000000,0.5516643,50
AHH,2023-07-19D10:02:43.818000000,1.679565,50
AHH,2023-07-19D10:02:44.332000000,1.037342,50
HMG,2023-07-19D10:02:51.879000000,1.741342,100
EHJ,2023-07-19D10:04:29.458000000,1.925129,500
AHH,2023-07-19D10:05:29.590000000,0.3688228,1000
AHH,2023-07-19D10:06:32.431000000,1.435502,20
MDD,2023-07-19D10:06:39.194000000,0.6840734,100
MDD,2023-07-19D10:07:02.296000000,1.510181,1000
NFH,2023-07-19D10:07:52.206000000,1.577917,10
AHH,2023-07-19D10:09:15.202000000,0.6575624,20
AHH,2023-07-19D10:10:00.610000000,0.3091629,100
OIL,2023-07-19D10:10:01.109000000,1.080988,100
HMG,2023-07-19D10:10:47.538000000,0.3005173,500
NFH,2023-07-19D10:10:56.262000000,0.03798919,100
OIL,2023-07-19D10:11:43.022000000,1.655748,20
HMG,2023-07-19D10:12:32.520000000,0.7481965,500
OIL,2023-07-19D10:12:36.750000000,1.991741,500
MDD,2023-07-19D10:14:24.420000000,0.6786736,500
NAG,2023-07-19D10:15:10.824000000,0.1317821,10
HMG,2023-07-19D10:16:06.410000000,1.969209,100
INL,2023-07-19D10:16:12.980000000,1.716143,10
INL,2023-07-19D10:16:16.998000000,0.5540017,500
AHH,2023-07-19D10:18:06.773000000,1.261573,300
OIL,2023-07-19D10:20:17.119000000,1.151975,1000
NFH,2023-07-19D10:22:33.387000000,1.041084,100
NFH,2023-07-19D10:23:10.043000000,0.2128751,300
EHJ,2023-07-19D10:23:55.892000000,1.812596,500
MDD,2023-07-19D10:24:02.257000000,1.817191,50
LDM,2023-07-19D10:24:28.155000000,1.950241,10
HMG,2023-07-19D10:25:16.859000000,0.9237802,500
EHJ,2023-07-19D10:26:14.440000000,1.845699,1000
OIL,2023-07-19D10:26:46.270000000,1.191734,300
AHH,2023-07-19D10:27:16.965000000,1.420846,20
NFH,2023-07-19D10:27:40.017000000,1.610182,50
LDM,2023-07-19D10:28:06.836000000,1.119181,500
HMG,2023-07-19D10:29:04.449000000,1.546292,500
INL,2023-07-19D10:29:46.450000000,0.489125,100
NAG,2023-07-19D10:30:36.267000000,0.6033047,20
HMG,2023-07-19D10:31:19.654000000,1.747649,50
EHJ,2023-07-19D10:32:14.421000000,0.09037161,20
MDD,2023-07-19D10:33:24.255000000,1.598908,10
LDM,2023-07-19D10:33:56.052000000,0.06126872,500
NFH,2023-07-19D10:35:43.095000000,1.208092,10
NFH,2023-07-19D10:36:35.821000000,1.131796,20
NAG,2023-07-19D10:37:35.292000000,1.267851,1000
INL,2023-07-19D10:37:59.437000000,0.7597895,100
OIL,2023-07-19D10:38:03.653000000,0.490584,1000
INL,2023-07-19D10:38:04.461000000,0.3134711,100
AHH,2023-07-19D10:38:10.903000000,0.06356995,20
NAG,2023-07-19D10:38:44.309000000,0.2264855,500
AHH,2023-07-19D10:38:46.862000000,0.4403253,500
NAG,2023-07-19D10:40:03.798000000,1.860071,1000
NAG,2023-07-19D10:40:06.868000000,0.3032474,300
HMG,2023-07-19D10:40:15.230000000,0.88766,10
NFH,2023-07-19D10:41:43.336000000,1.122673,10
MDD,2023-07-19D10:41:46.034000000,1.753982,50
AHH,2023-07-19D10:41:58.590000000,1.049841,10
HMG,2023-07-19D10:43:26.602000000,0.3471106,50
EHJ,2023-07-19D10:43:54.283000000,0.7884603,50
MDD,2023-07-19D10:43:55.118000000,0.4832973,300
AHH,2023-07-19D10:44:09.269000000,0.6888061,100
AHH,2023-07-19D10:44:30.021000000,1.844698,500
NAG,2023-07-19D10:44:34.188000000,0.9566297,300
NAG,2023-07-19D10:45:40.165000000,1.734034,50
INL,2023-07-19D10:45:45.605000000,1.110553,300
EHJ,2023-07-19D10:46:28.398000000,0.3343139,10
EHJ,2023-07-19D10:46:53.480000000,0.9768735,100
NFH,2023-07-19D10:47:24.275000000,0.009702977,10
MDD,2023-07-19D10:48:23.346000000,0.1918529,20
HMG,2023-07-19D10:48:42.797000000,1.897983,100
EHJ,2023-07-19D10:48:54.721000000,0.5210619,500
HMG,2023-07-19D10:49:40.505000000,0.03165295,50
MDD,2023-07-19D10:50:17.727000000,0.2418556,100
LDM,2023-07-19D10:51:17.025000000,1.037304,20
NAG,2023-07-19D10:51:20.897000000,1.802151,500
INL,2023-07-19D10:51:22.348000000,1.308156,300
NFH,2023-07-19D10:51:40.289000000,1.495852,1000
NFH,2023-07-19D10:54:01.210000000,0.8021262,300
EHJ,2023-07-19D10:54:08.825000000,0.5668445,50
LDM,2023-07-19D10:55:03.366000000,1.720004,100
AHH,2023-07-19D10:55:30.698000000,1.044874,100
HMG,2023-07-19D10:55:50.787000000,0.4306586,20
NFH,2023-07-19D10:55:58.258000000,0.6809641,20
OIL,2023-07-19D10:56:51.220000000,1.866514,1000
NAG,2023-07-19D10:58:07.998000000,0.4900896,10
OIL,2023-07-19D10:58:21.377000000,0.8864897,20
OIL,2023-07-19D10:58:52.649000000,0.3562984,100
AHH,2023-07-19D10:59:07.585000000,0.2858032,20
INL,2023-07-19D10:59:16.855000000,1.834703,1000
EHJ,2023-07-19D10:59:43.590000000,0.6782637,300
AHH,2023-07-19D10:59:47.091000000,1.376535,50
HMG,2023-07-19D10:59:50.834000000,1.167834,50
NAG,2023-07-19D10:59:54.291000000,1.772202,500
INL,2023-07-19D11:00:04.650000000,0.6133327,10
NAG,2023-07-19D11:00:08.180000000,0.522443,1000
NFH,2023-07-19D11:00:16.608000000,0.07618245,1000
MDD,2023-07-19D11:01:06.613000000,0.2927657,100
AHH,2023-07-19D11:02:15.480000000,0.9072865,500
EHJ,2023-07-19D11:02:56.208000000,0.5521455,500
LDM,2023-07-19D11:03:49.738000000,1.984808,300
HMG,2023-07-19D11:04:06.041000000,0.4656917,100
OIL,2023-07-19D11:04:26.445000000,0.3897431,500
OIL,2023-07-19D11:05:58.432000000,0.5604111,20
EHJ,2023-07-19D11:06:38.905000000,1.436275,20
NAG,2023-07-19D11:07:00.355000000,0.997237,20
NAG,2023-07-19D11:08:24.642000000,1.143586,1000
EHJ,2023-07-19D11:08:54.827000000,1.764002,500
EHJ,2023-07-19D11:09:34.229000000,1.112698,500
LDM,2023-07-19D11:09:37.080000000,1.325506,10
EHJ,2023-07-19D11:11:04.120000000,1.055215,10
OIL,2023-07-19D11:11:24.495000000,0.6693868,20
MDD,2023-07-19D11:12:07.431000000,0.629369,1000
NFH,2023-07-19D11:12:14.733000000,1.335816,20
INL,2023-07-19D11:12:45.082000000,0.1156493,50
MDD,2023-07-19D11:12:54.724000000,1.519835,10
MDD,2023-07-19D11:13:14.870000000,1.769846,500
OIL,2023-07-19D11:14:04.500000000,1.940144,10
NAG,2023-07-19D11:14:04.788000000,1.461443,300
INL,2023-07-19D11:14:48.627000000,0.5441577,20
INL,2023-07-19D11:15:10.823000000,0.7078975,20
NFH,2023-07-19D11:17:14.088000000,0.1349552,1000
NFH,2023-07-19D11:17:30.073000000,1.318949,100
NAG,2023-07-19D11:17:31.373000000,1.939743,100
LDM,2023-07-19D11:17:53.944000000,0.5404292,1000
MDD,2023-07-19D11:18:26.270000000,1.336768,50
NFH,2023-07-19D11:18:35.470000000,1.0398,50
MDD,2023-07-19D11:18:46.529000000,0.9325546,1000
